{"cameraMode":{"drawMode":0,"name":"Shaded","section":"Shading Mode"},"sceneLighting":true,"audioPlay":false,"sceneViewState":{"m_AlwaysRefresh":false,"showFog":true,"showSkybox":true,"showFlares":true,"showImageEffects":true,"showParticleSystems":true,"showVisualEffectGraphs":true,"m_FxEnabled":true},"in2DMode":false,"pivot":{"x":474.3421936035156,"y":383.5077819824219,"z":-595.6302490234375},"rotation":{"x":0.06626896560192108,"y":0.006336300168186426,"z":-0.0002881977707147598,"w":0.9979186058044434},"size":12.12435531616211,"orthographic":false}